name,type,ownership,lat,lon
Amatierio Dispensary,Dispensary,MoH,-0.5867006,34.9926907
Atela Dispensary,Dispensary,MoH,-0.425251,34.9961272
China Dispensary,Dispensary,MoH,-0.56507,35.02557
Ekerubo Dispensary,Dispensary,MoH,-0.5886,35.0295
Ensakia Dispensary,Dispensary,MoH,-0.7748,35.0688
Esianyi Dispensary,Dispensary,MoH,-0.4712,34.9412
Gietai AIC Dispensary,Dispensary,FBO,-0.598158,35.033342
Girango Dispensary,Dispensary,MoH,-0.7155,34.8543
Gisage Dispensary,Dispensary,MoH,-0.483384,35.021972
Ikonge Dispensary,Dispensary,MoH,-0.5317,35.0258
Kahawa Dispensary,Dispensary,MoH,-0.8214,35.0603
Kemera Dispensary,Dispensary,FBO,-0.665,34.8439
Kenyerere Dispensary ,Dispensary,MoH,-0.6642,34.9235
Kerumbe Dispensary,Dispensary,MoH,-0.5068,35.0383
Kiamanyomba Dispensary,Dispensary,MoH,-0.631,35.016
Kiangoso Dispensary,Dispensary,MoH,-0.6463346,34.8131277
Kineni Dispensary,Dispensary,MoH,-0.7916,35.0473
Machururiati Dispensary,Dispensary,MoH,-0.7004447,34.9311985
Magombo Community Dispensary,Dispensary,MoH,-0.6737719,34.9149563
Magwagwa SDA Dispensary,Dispensary,FBO,-0.4897,35.014
Matutu Dispensary,Dispensary,FBO,-0.7633,34.9482
Mecheo Dispensary,Dispensary,MoH,-0.8234,34.9867
Miriri Dispensary,Dispensary,MoH,-0.6839,34.8805
Mochenwa Dispensary,Dispensary,MoH,-0.7393,34.9657
Mong'oni Dispensary,Dispensary,MoH,-0.7347,34.8981
Mosobeti Dispensary,Dispensary,MoH,-0.6782,34.9927
Motontera Dispensary,Dispensary,MoH,-0.4983991,34.8796314
Mwongori Dispensary,Dispensary,MoH,-0.6874,35.0367
Nderema Dispensary,Dispensary,FBO,-0.77929,35.05562
Nyabikomu Dispensary,Dispensary,FBO,-0.581,34.9799
Nyabite Dispensary,Dispensary,MoH,-0.54943,34.92273
Nyagancha Dispensary,Dispensary,MoH,-0.7251,34.8672
Nyaiguta Dispensary,Dispensary,MoH,-0.7140284,34.9881774
Nyamakoroto Dispensary,Dispensary,FBO,-0.6947,34.9491
Nyambari Geke Dispensary,Dispensary,MoH,-0.671059,34.913565
Nyamwetureko Dispensary,Dispensary,MoH,-0.504,34.985
Nyanchonori Dispensary,Dispensary,MoH,-0.7488,34.92
Nyandoche Ibere Dispensary,Dispensary,MoH,-0.72559,35.01195
Nyankono Dispensary,Dispensary,MoH,-0.5562,35.033
Nyansangio Dispensary,Dispensary,MoH,-0.4994167,34.8806741
Nyasore Dispensary,Dispensary,MoH,-0.4843375,34.8883806
Ogango Dispensary,Dispensary,MoH,-0.6129,34.8734
Orwaki Dispensary,Dispensary,MoH,-0.4823,34.9513
Riakworo Dispensary,Dispensary,FBO,-0.6883,34.9994
Rietago Dispensary,Dispensary,MoH,-0.8607,35.0165
Rigoko Dispensary,Dispensary,MoH,-0.805312,34.9986391
Rigoma Dispensary,Dispensary,MoH,-0.7227855,34.9268974
Rikenye Dispensary ,Dispensary,MoH,-0.7432,34.9441
Riongige Dispensary,Dispensary,MoH,-0.597541,34.99737
Tindereti Dispensary,Dispensary,MoH,-0.7868,34.9821
Manga District Hospital,District Hospital,MoH,-0.6132,34.8362
Nyamira District Hospital,District Hospital,MoH,-0.5624,34.9352
Bogwendo Health Centre,Health Centre,MoH,-0.64391,34.89357
Bosiango Health Centre,Health Centre,MoH,-0.6347,34.9481
Chepngombe Health Centre,Health Centre,MoH,-0.83926,35.00363
Embonga Health Centre,Health Centre,MoH,-0.5441491,34.8827378
Endiba Health Centre,Health Centre,MoH,-0.55994,34.96206
Eronge Health Centre,Health Centre,FBO,-0.5377,34.9568
Etono Health Centre,Health Centre,MoH,-0.5124,34.9555
Gekano Health Centre,Health Centre,FBO,-0.6884,34.9097
Gesima Health Centre,Health Centre,MoH,-0.7065,34.9921
Gesure Health Centre,Health Centre,MoH,-0.5864,34.9423
Getare Health Centre,Health Centre,MoH,-0.6663732,34.805906
Getiesi Health Centre,Health Centre,MoH,-0.568012,34.8902
Gianchore Health Centre,Health Centre,MoH,-0.5776607,34.8802322
Ikobe Health Centre,Health Centre,MoH,-0.6337,34.8443
Isoge Health Centre,Health Centre,MoH,-0.7426,35.0586
Itibo Mission Health Centre,Health Centre,FBO,-0.5145,34.9438
Kebirigo Mission Health Centre,Health Centre,FBO,-0.5969,34.9534
Kenyambi Health Centre ,Health Centre,MoH,-0.5677,34.914
Kenyenya Health Centre,Health Centre,MoH,-0.64437,35.00459
Kenyerere Health Centre ,Health Centre,MoH,-0.4915,35.0007
Kenyoro Health Centre Borabu,Health Centre,MoH,-0.8269,34.982
Kenyoro Health Centre Nyamira North,Health Centre,MoH,-0.5812,35.01191
Kiang'inda Health Centre,Health Centre,MoH,-0.651344,34.919394
Magombo Health Centre,Health Centre,MoH,-0.839,35.0297
Magwagwa Health Centre,Health Centre,MoH,-0.4678,35.0207
Matongo Health Centre,Health Centre,FBO,-0.4433,35.0193
Mokomoni Health Centre,Health Centre,MoH,-0.6104,35.033
Mongorisi Health Centre,Health Centre,MoH,-0.6592,35.0046
Motagara Health Centre ,Health Centre,MoH,-0.664938,34.992965
Nyamaiya Health Centre,Health Centre,MoH,-0.521716,34.914352
Nyamira Adventist Health Centre,Health Centre,FBO,-0.5719,34.9342
Nyangweta Health Centre,Health Centre,MoH,-0.6234,34.965
Nyansabakwa Health Centre,Health Centre,MoH,-0.51506,34.89191
Ogango Health Centre,Health Centre,MoH,-0.616772,34.874289
Ramba Health Centre,Health Centre,MoH,-0.597309,34.911607
Rangenyo Health Centre,Health Centre,FBO,-0.5301,34.9056
Riakinaro Health Centre,Health Centre,MoH,-0.60655,34.95719
Riechieri Health Centre,Health Centre,MoH,-0.511645,34.999542
Sirate Health Centre ,Health Centre,MoH,-0.653537,34.916042
St Joseph's Nyansiongo Health Centre,Health Centre,FBO,-0.7944679,35.0148134
Tinga Health Centre,Health Centre,MoH,-0.61,34.901
Tombe Health Centre,Health Centre,MoH,-0.6531,34.8726
Ekerenyo Sub-District Hospital,Sub-District Hospital,MoH,-0.5282,34.9878
Esani Sub-District Hospital,Sub-District Hospital,MoH,-0.6766,34.9529
Kijauri Sub District Hospital,Sub-District Hospital,MoH,-0.76318,35.01666
Nyamusi Sub-District Hospital,Sub-District Hospital,MoH,-0.4787,34.9825
